{
    "loss": 47.665245056152344,
    "accuracy": 0.5665454268455505
}