{
    "loss": 117.28681945800781,
    "accuracy": 0.9810909032821655
}