{
    "loss": 79.18075561523438,
    "accuracy": 0.8363636136054993
}